INSERT INTO digital_music.organizador
(id_organizador, nome, email)
VALUES
(1, 'Lucas Ferreira', 'lucas.ferreira@digitalmusic.com'),
(2, 'Mariana Souza', 'mariana.souza@digitalmusic.com'),
(3, 'Gabriel Oliveira', 'gabriel.oliveira@digitalmusic.com'),
(4, 'Beatriz Santos', 'beatriz.santos@digitalmusic.com'),
(5, 'Rafael Costa', 'rafael.costa@digitalmusic.com'),
(6, 'Juliana Almeida', 'juliana.almeida@digitalmusic.com'),
(7, 'Felipe Rodrigues', 'felipe.rodrigues@digitalmusic.com'),
(8, 'Camila Pereira', 'camila.pereira@digitalmusic.com'),
(9, 'Bruno Martins', 'bruno.martins@digitalmusic.com'),
(10, 'Larissa Gomes', 'larissa.gomes@digitalmusic.com'),
(11, 'Thiago Carvalho', 'thiago.carvalho@digitalmusic.com'),
(12, 'Amanda Ribeiro', 'amanda.ribeiro@digitalmusic.com'),
(13, 'Gustavo Barbosa', 'gustavo.barbosa@digitalmusic.com'),
(14, 'Patricia Rocha', 'patricia.rocha@digitalmusic.com'),
(15, 'Diego Fernandes', 'diego.fernandes@digitalmusic.com'),
(16, 'Aline Castro', 'aline.castro@digitalmusic.com'),
(17, 'Vinicius Melo', 'vinicius.melo@digitalmusic.com'),
(18, 'Fernanda Lopes', 'fernanda.lopes@digitalmusic.com'),
(19, 'Leonardo Araujo', 'leonardo.araujo@digitalmusic.com'),
(20, 'Renata Teixeira', 'renata.teixeira@digitalmusic.com'),
(21, 'Matheus Moreira', 'matheus.moreira@digitalmusic.com'),
(22, 'Carolina Nunes', 'carolina.nunes@digitalmusic.com'),
(23, 'Pedro Henrique Lima', 'pedro.lima@digitalmusic.com'),
(24, 'Tatiane Moraes', 'tatiane.moraes@digitalmusic.com'),
(25, 'Rodrigo Vieira', 'rodrigo.vieira@digitalmusic.com'),
(26, 'Priscila Cardoso', 'priscila.cardoso@digitalmusic.com'),
(27, 'Anderson Dias', 'anderson.dias@digitalmusic.com'),
(28, 'Vanessa Freitas', 'vanessa.freitas@digitalmusic.com'),
(29, 'Ricardo Pires', 'ricardo.pires@digitalmusic.com'),
(30, 'Bianca Monteiro', 'bianca.monteiro@digitalmusic.com'),
(31, 'Eduardo Rezende', 'eduardo.rezende@digitalmusic.com'),
(32, 'Natália Campos', 'natalia.campos@digitalmusic.com'),
(33, 'Caio Farias', 'caio.farias@digitalmusic.com'),
(34, 'Isabela Duarte', 'isabela.duarte@digitalmusic.com'),
(35, 'Murilo Cunha', 'murilo.cunha@digitalmusic.com'),
(36, 'Débora Silveira', 'debora.silveira@digitalmusic.com'),
(37, 'Henrique Batista', 'henrique.batista@digitalmusic.com'),
(38, 'Paula Correia', 'paula.correia@digitalmusic.com'),
(39, 'João Vitor Alves', 'joao.alves@digitalmusic.com'),
(40, 'Bruna Mendes', 'bruna.mendes@digitalmusic.com'),
(41, 'Alexandre Neves', 'alexandre.neves@digitalmusic.com'),
(42, 'Letícia Moura', 'leticia.moura@digitalmusic.com'),
(43, 'Samuel Torres', 'samuel.torres@digitalmusic.com'),
(44, 'Cristiane Pinto', 'cristiane.pinto@digitalmusic.com'),
(45, 'Igor Machado', 'igor.machado@digitalmusic.com'),
(46, 'Daniela Barros', 'daniela.barros@digitalmusic.com'),
(47, 'Marcelo Antunes', 'marcelo.antunes@digitalmusic.com'),
(48, 'Viviane Peixoto', 'viviane.peixoto@digitalmusic.com'),
(49, 'Fábio Guimarães', 'fabio.guimaraes@digitalmusic.com'),
(50, 'Sabrina Tavares', 'sabrina.tavares@digitalmusic.com');

INSERT INTO digital_music.conta
(id_conta, login, senha, id_organizador)
VALUES
(1, 'lucas.ferreira', 'Senha@001', 1),
(2, 'mariana.souza', 'Senha@002', 2),
(3, 'gabriel.oliveira', 'Senha@003', 3),
(4, 'beatriz.santos', 'Senha@004', 4),
(5, 'rafael.costa', 'Senha@005', 5),
(6, 'juliana.almeida', 'Senha@006', 6),
(7, 'felipe.rodrigues', 'Senha@007', 7),
(8, 'camila.pereira', 'Senha@008', 8),
(9, 'bruno.martins', 'Senha@009', 9),
(10, 'larissa.gomes', 'Senha@010', 10),
(11, 'thiago.carvalho', 'Senha@011', 11),
(12, 'amanda.ribeiro', 'Senha@012', 12),
(13, 'gustavo.barbosa', 'Senha@013', 13),
(14, 'patricia.rocha', 'Senha@014', 14),
(15, 'diego.fernandes', 'Senha@015', 15),
(16, 'aline.castro', 'Senha@016', 16),
(17, 'vinicius.melo', 'Senha@017', 17),
(18, 'fernanda.lopes', 'Senha@018', 18),
(19, 'leonardo.araujo', 'Senha@019', 19),
(20, 'renata.teixeira', 'Senha@020', 20),
(21, 'matheus.moreira', 'Senha@021', 21),
(22, 'carolina.nunes', 'Senha@022', 22),
(23, 'pedro.lima', 'Senha@023', 23),
(24, 'tatiane.moraes', 'Senha@024', 24),
(25, 'rodrigo.vieira', 'Senha@025', 25),
(26, 'priscila.cardoso', 'Senha@026', 26),
(27, 'anderson.dias', 'Senha@027', 27),
(28, 'vanessa.freitas', 'Senha@028', 28),
(29, 'ricardo.pires', 'Senha@029', 29),
(30, 'bianca.monteiro', 'Senha@030', 30),
(31, 'eduardo.rezende', 'Senha@031', 31),
(32, 'natalia.campos', 'Senha@032', 32),
(33, 'caio.farias', 'Senha@033', 33),
(34, 'isabela.duarte', 'Senha@034', 34),
(35, 'murilo.cunha', 'Senha@035', 35),
(36, 'debora.silveira', 'Senha@036', 36),
(37, 'henrique.batista', 'Senha@037', 37),
(38, 'paula.correia', 'Senha@038', 38),
(39, 'joao.alves', 'Senha@039', 39),
(40, 'bruna.mendes', 'Senha@040', 40),
(41, 'alexandre.neves', 'Senha@041', 41),
(42, 'leticia.moura', 'Senha@042', 42),
(43, 'samuel.torres', 'Senha@043', 43),
(44, 'cristiane.pinto', 'Senha@044', 44),
(45, 'igor.machado', 'Senha@045', 45),
(46, 'daniela.barros', 'Senha@046', 46),
(47, 'marcelo.antunes', 'Senha@047', 47),
(48, 'viviane.peixoto', 'Senha@048', 48),
(49, 'fabio.guimaraes', 'Senha@049', 49),
(50, 'sabrina.tavares', 'Senha@050', 50);

INSERT INTO digital_music.local
(id_local, nome, capacidade, rua, numero, bairro, cidade, estado)
VALUES
(1, 'Arena Music Hall', 5000, 'Av. Brasil', 1200, 'Centro', 'São Paulo', 'SP'),
(2, 'Espaço Harmonia', 3000, 'Rua das Flores', 45, 'Jardins', 'Campinas', 'SP'),
(3, 'Palco Central', 4500, 'Av. Independência', 890, 'Centro', 'Ribeirão Preto', 'SP'),
(4, 'Arena Sunset', 6000, 'Rua do Sol', 150, 'Boa Vista', 'Belo Horizonte', 'MG'),
(5, 'Centro de Eventos Estrela', 2500, 'Av. Paraná', 320, 'Centro', 'Curitiba', 'PR'),
(6, 'Music Park', 7000, 'Rua das Palmeiras', 110, 'Jardim América', 'Goiânia', 'GO'),
(7, 'Arena Show', 5500, 'Av. Paulista', 1000, 'Bela Vista', 'São Paulo', 'SP'),
(8, 'Espaço Cultural Norte', 2800, 'Rua Amazonas', 87, 'Centro', 'Manaus', 'AM'),
(9, 'Teatro Musical Sul', 1800, 'Av. Atlântica', 220, 'Copacabana', 'Rio de Janeiro', 'RJ'),
(10, 'Arena Festival', 8000, 'Rua das Acácias', 56, 'Centro', 'Brasília', 'DF'),
(11, 'Music Arena 11', 3500, 'Rua A', 11, 'Centro', 'Franca', 'SP'),
(12, 'Music Arena 12', 3600, 'Rua B', 12, 'Centro', 'Franca', 'SP'),
(13, 'Music Arena 13', 3700, 'Rua C', 13, 'Centro', 'Franca', 'SP'),
(14, 'Music Arena 14', 3800, 'Rua D', 14, 'Centro', 'Franca', 'SP'),
(15, 'Music Arena 15', 3900, 'Rua E', 15, 'Centro', 'Franca', 'SP'),
(16, 'Music Arena 16', 4000, 'Rua F', 16, 'Centro', 'Franca', 'SP'),
(17, 'Music Arena 17', 4100, 'Rua G', 17, 'Centro', 'Franca', 'SP'),
(18, 'Music Arena 18', 4200, 'Rua H', 18, 'Centro', 'Franca', 'SP'),
(19, 'Music Arena 19', 4300, 'Rua I', 19, 'Centro', 'Franca', 'SP'),
(20, 'Music Arena 20', 4400, 'Rua J', 20, 'Centro', 'Franca', 'SP'),
(21, 'Music Arena 21', 4500, 'Rua K', 21, 'Centro', 'Uberlândia', 'MG'),
(22, 'Music Arena 22', 4600, 'Rua L', 22, 'Centro', 'Uberlândia', 'MG'),
(23, 'Music Arena 23', 4700, 'Rua M', 23, 'Centro', 'Uberlândia', 'MG'),
(24, 'Music Arena 24', 4800, 'Rua N', 24, 'Centro', 'Uberlândia', 'MG'),
(25, 'Music Arena 25', 4900, 'Rua O', 25, 'Centro', 'Uberlândia', 'MG'),
(26, 'Music Arena 26', 5000, 'Rua P', 26, 'Centro', 'Goiânia', 'GO'),
(27, 'Music Arena 27', 5100, 'Rua Q', 27, 'Centro', 'Goiânia', 'GO'),
(28, 'Music Arena 28', 5200, 'Rua R', 28, 'Centro', 'Goiânia', 'GO'),
(29, 'Music Arena 29', 5300, 'Rua S', 29, 'Centro', 'Goiânia', 'GO'),
(30, 'Music Arena 30', 5400, 'Rua T', 30, 'Centro', 'Goiânia', 'GO'),
(31, 'Music Arena 31', 5500, 'Rua U', 31, 'Centro', 'Salvador', 'BA'),
(32, 'Music Arena 32', 5600, 'Rua V', 32, 'Centro', 'Salvador', 'BA'),
(33, 'Music Arena 33', 5700, 'Rua W', 33, 'Centro', 'Salvador', 'BA'),
(34, 'Music Arena 34', 5800, 'Rua X', 34, 'Centro', 'Salvador', 'BA'),
(35, 'Music Arena 35', 5900, 'Rua Y', 35, 'Centro', 'Salvador', 'BA'),
(36, 'Music Arena 36', 6000, 'Rua Z', 36, 'Centro', 'Fortaleza', 'CE'),
(37, 'Music Arena 37', 6100, 'Rua Alpha', 37, 'Centro', 'Fortaleza', 'CE'),
(38, 'Music Arena 38', 6200, 'Rua Beta', 38, 'Centro', 'Fortaleza', 'CE'),
(39, 'Music Arena 39', 6300, 'Rua Gama', 39, 'Centro', 'Fortaleza', 'CE'),
(40, 'Music Arena 40', 6400, 'Rua Delta', 40, 'Centro', 'Fortaleza', 'CE'),
(41, 'Music Arena 41', 6500, 'Rua Épsilon', 41, 'Centro', 'Recife', 'PE'),
(42, 'Music Arena 42', 6600, 'Rua Zeta', 42, 'Centro', 'Recife', 'PE'),
(43, 'Music Arena 43', 6700, 'Rua Eta', 43, 'Centro', 'Recife', 'PE'),
(44, 'Music Arena 44', 6800, 'Rua Teta', 44, 'Centro', 'Recife', 'PE'),
(45, 'Music Arena 45', 6900, 'Rua Iota', 45, 'Centro', 'Recife', 'PE'),
(46, 'Music Arena 46', 7000, 'Rua Kappa', 46, 'Centro', 'Porto Alegre', 'RS'),
(47, 'Music Arena 47', 7100, 'Rua Lambda', 47, 'Centro', 'Porto Alegre', 'RS'),
(48, 'Music Arena 48', 7200, 'Rua Mu', 48, 'Centro', 'Porto Alegre', 'RS'),
(49, 'Music Arena 49', 7300, 'Rua Nu', 49, 'Centro', 'Porto Alegre', 'RS'),
(50, 'Music Arena 50', 7400, 'Rua Xi', 50, 'Centro', 'Porto Alegre', 'RS');

INSERT INTO digital_music.usuario
(id_usuario, nome, email, data_nascimento)
VALUES
(1, 'Ana Carolina Silva', 'ana.silva@email.com', '1998-03-15'),
(2, 'Bruno Henrique Costa', 'bruno.costa@email.com', '1995-07-22'),
(3, 'Camila Ferreira', 'camila.ferreira@email.com', '2001-01-10'),
(4, 'Daniel Souza', 'daniel.souza@email.com', '1997-11-08'),
(5, 'Eduarda Martins', 'eduarda.martins@email.com', '2000-05-19'),
(6, 'Felipe Almeida', 'felipe.almeida@email.com', '1996-09-27'),
(7, 'Gabriela Oliveira', 'gabriela.oliveira@email.com', '1999-04-03'),
(8, 'Henrique Santos', 'henrique.santos@email.com', '1994-12-14'),
(9, 'Isabela Rodrigues', 'isabela.rodrigues@email.com', '2002-06-30'),
(10, 'João Pedro Lima', 'joao.lima@email.com', '1998-08-11'),
(11, 'Karen Ribeiro', 'karen.ribeiro@email.com', '1997-02-24'),
(12, 'Leonardo Carvalho', 'leonardo.carvalho@email.com', '1995-10-18'),
(13, 'Mariana Gomes', 'mariana.gomes@email.com', '2001-07-05'),
(14, 'Nathan Barbosa', 'nathan.barbosa@email.com', '1999-01-29'),
(15, 'Olivia Rocha', 'olivia.rocha@email.com', '2000-03-12'),
(16, 'Paulo Henrique Dias', 'paulo.dias@email.com', '1996-11-20'),
(17, 'Quezia Fernandes', 'quezia.fernandes@email.com', '1998-09-01'),
(18, 'Rafael Moreira', 'rafael.moreira@email.com', '1997-04-16'),
(19, 'Sabrina Castro', 'sabrina.castro@email.com', '2002-02-08'),
(20, 'Thiago Nunes', 'thiago.nunes@email.com', '1995-06-21'),
(21, 'Ursula Mendes', 'ursula.mendes@email.com', '1999-12-04'),
(22, 'Victor Teixeira', 'victor.teixeira@email.com', '1998-07-17'),
(23, 'Wesley Araujo', 'wesley.araujo@email.com', '2001-10-09'),
(24, 'Yasmin Freitas', 'yasmin.freitas@email.com', '2000-01-23'),
(25, 'Arthur Pinto', 'arthur.pinto@email.com', '1997-08-28'),
(26, 'Beatriz Correia', 'beatriz.correia@email.com', '1999-05-07'),
(27, 'Caio Antunes', 'caio.antunes@email.com', '1996-03-31'),
(28, 'Débora Guimarães', 'debora.guimaraes@email.com', '2002-11-13'),
(29, 'Enzo Tavares', 'enzo.tavares@email.com', '2001-09-22'),
(30, 'Fernanda Alves', 'fernanda.alves@email.com', '1998-02-06'),
(31, 'Gustavo Melo', 'gustavo.melo@email.com', '1995-12-19'),
(32, 'Helena Vieira', 'helena.vieira@email.com', '2000-04-25'),
(33, 'Igor Cardoso', 'igor.cardoso@email.com', '1997-07-14'),
(34, 'Juliana Moraes', 'juliana.moraes@email.com', '1999-10-30'),
(35, 'Kaique Farias', 'kaique.farias@email.com', '2001-06-18'),
(36, 'Larissa Monteiro', 'larissa.monteiro@email.com', '1998-01-11'),
(37, 'Matheus Batista', 'matheus.batista@email.com', '1996-08-03'),
(38, 'Natália Cunha', 'natalia.cunha@email.com', '2000-12-27'),
(39, 'Otávio Rezende', 'otavio.rezende@email.com', '1999-03-09'),
(40, 'Priscila Duarte', 'priscila.duarte@email.com', '1997-05-20'),
(41, 'Ricardo Campos', 'ricardo.campos@email.com', '1995-11-15'),
(42, 'Sara Moura', 'sara.moura@email.com', '2002-07-02'),
(43, 'Tiago Neves', 'tiago.neves@email.com', '1998-09-26'),
(44, 'Valentina Torres', 'valentina.torres@email.com', '2001-02-17'),
(45, 'William Machado', 'william.machado@email.com', '1996-06-08'),
(46, 'Xavier Barros', 'xavier.barros@email.com', '1999-04-29'),
(47, 'Yuri Peixoto', 'yuri.peixoto@email.com', '2000-10-12'),
(48, 'Zilda Lopes', 'zilda.lopes@email.com', '1997-01-05'),
(49, 'Amanda Pires', 'amanda.pires@email.com', '2001-08-24'),
(50, 'Brenda Silveira', 'brenda.silveira@email.com', '1998-12-16');

INSERT INTO digital_music.artista
(id_artista, nome_artistico, genero_musical)
VALUES
(1, 'DJ Eclipse', 'Eletrônica'),
(2, 'Banda Horizonte', 'Rock'),
(3, 'MC Tempestade', 'Funk'),
(4, 'Luna Beats', 'Pop'),
(5, 'Os Viajantes', 'Indie'),
(6, 'Rafa Melody', 'Sertanejo'),
(7, 'Grupo Harmonia', 'Pagode'),
(8, 'DJ Neon', 'Eletrônica'),
(9, 'Ana Soul', 'R&B'),
(10, 'Banda Vulcão', 'Rock'),
(11, 'MC Relâmpago', 'Funk'),
(12, 'Clara Luz', 'Pop'),
(13, 'Som do Cerrado', 'Sertanejo'),
(14, 'DJ Infinity', 'Eletrônica'),
(15, 'Pedro Vox', 'Pop'),
(16, 'Raízes Urbanas', 'Rap'),
(17, 'Banda Prisma', 'Rock'),
(18, 'MC Estilo', 'Funk'),
(19, 'Lia Martins', 'MPB'),
(20, 'DJ Pulse', 'Eletrônica'),
(21, 'Grupo Essência', 'Pagode'),
(22, 'Lucas Prime', 'Pop'),
(23, 'Banda Aurora', 'Rock'),
(24, 'MC Conexão', 'Funk'),
(25, 'Camila Costa', 'MPB'),
(26, 'DJ Voltage', 'Eletrônica'),
(27, 'Os Nômades', 'Indie'),
(28, 'Marina Sky', 'Pop'),
(29, 'Banda Impacto', 'Rock'),
(30, 'MC Dominante', 'Funk'),
(31, 'João Carvalho', 'Sertanejo'),
(32, 'DJ Spectrum', 'Eletrônica'),
(33, 'Grupo Vibração', 'Pagode'),
(34, 'Laura Beats', 'Pop'),
(35, 'Banda Eclipse Solar', 'Rock'),
(36, 'MC Original', 'Funk'),
(37, 'Thiago Mendes', 'MPB'),
(38, 'DJ Atmosfera', 'Eletrônica'),
(39, 'Conexão Rural', 'Sertanejo'),
(40, 'Sofia Luna', 'Pop'),
(41, 'Banda Tempus', 'Rock'),
(42, 'MC Supremo', 'Funk'),
(43, 'André Ribeiro', 'MPB'),
(44, 'DJ Galaxy', 'Eletrônica'),
(45, 'Grupo União', 'Pagode'),
(46, 'Valentina Music', 'Pop'),
(47, 'Banda Phoenix', 'Rock'),
(48, 'MC Visionário', 'Funk'),
(49, 'Diego Martins', 'Sertanejo'),
(50, 'DJ Revolution', 'Eletrônica');

INSERT INTO digital_music.evento
(id_evento, nome, data, horario, descricao, id_organizador, id_local)
VALUES
(1, 'Festival Rock Brasil', '2026-01-15', '20:00:00', 'Festival nacional de rock.', 1, 1),
(2, 'Noite do Sertanejo', '2026-01-22', '21:00:00', 'Grandes nomes do sertanejo.', 2, 2),
(3, 'Summer Beats', '2026-02-05', '22:00:00', 'Evento de música eletrônica.', 3, 3),
(4, 'Pagode na Arena', '2026-02-12', '19:30:00', 'Show com grupos de pagode.', 4, 4),
(5, 'Pop Experience', '2026-02-19', '20:30:00', 'Festival dedicado ao pop.', 5, 5),
(6, 'Funk Explosion', '2026-02-26', '23:00:00', 'Baile funk com artistas nacionais.', 6, 6),
(7, 'Indie Sessions', '2026-03-05', '20:00:00', 'Bandas independentes em destaque.', 7, 7),
(8, 'MPB em Cena', '2026-03-12', '19:00:00', 'Noite especial de MPB.', 8, 8),
(9, 'Eletronic Vibes', '2026-03-19', '22:00:00', 'Festival eletrônico.', 9, 9),
(10, 'Rock Legends', '2026-03-26', '21:00:00', 'Tributo aos clássicos do rock.', 10, 10),
(11, 'Festival Musical 11', '2026-04-02', '20:00:00', 'Evento musical temático.', 11, 11),
(12, 'Festival Musical 12', '2026-04-09', '20:00:00', 'Evento musical temático.', 12, 12),
(13, 'Festival Musical 13', '2026-04-16', '20:00:00', 'Evento musical temático.', 13, 13),
(14, 'Festival Musical 14', '2026-04-23', '20:00:00', 'Evento musical temático.', 14, 14),
(15, 'Festival Musical 15', '2026-04-30', '20:00:00', 'Evento musical temático.', 15, 15),
(16, 'Festival Musical 16', '2026-05-07', '20:00:00', 'Evento musical temático.', 16, 16),
(17, 'Festival Musical 17', '2026-05-14', '20:00:00', 'Evento musical temático.', 17, 17),
(18, 'Festival Musical 18', '2026-05-21', '20:00:00', 'Evento musical temático.', 18, 18),
(19, 'Festival Musical 19', '2026-05-28', '20:00:00', 'Evento musical temático.', 19, 19),
(20, 'Festival Musical 20', '2026-06-04', '20:00:00', 'Evento musical temático.', 20, 20),
(21, 'Festival Musical 21', '2026-06-11', '20:00:00', 'Evento musical temático.', 21, 21),
(22, 'Festival Musical 22', '2026-06-18', '20:00:00', 'Evento musical temático.', 22, 22),
(23, 'Festival Musical 23', '2026-06-25', '20:00:00', 'Evento musical temático.', 23, 23),
(24, 'Festival Musical 24', '2026-07-02', '20:00:00', 'Evento musical temático.', 24, 24),
(25, 'Festival Musical 25', '2026-07-09', '20:00:00', 'Evento musical temático.', 25, 25),
(26, 'Festival Musical 26', '2026-07-16', '20:00:00', 'Evento musical temático.', 26, 26),
(27, 'Festival Musical 27', '2026-07-23', '20:00:00', 'Evento musical temático.', 27, 27),
(28, 'Festival Musical 28', '2026-07-30', '20:00:00', 'Evento musical temático.', 28, 28),
(29, 'Festival Musical 29', '2026-08-06', '20:00:00', 'Evento musical temático.', 29, 29),
(30, 'Festival Musical 30', '2026-08-13', '20:00:00', 'Evento musical temático.', 30, 30),
(31, 'Festival Musical 31', '2026-08-20', '20:00:00', 'Evento musical temático.', 31, 31),
(32, 'Festival Musical 32', '2026-08-27', '20:00:00', 'Evento musical temático.', 32, 32),
(33, 'Festival Musical 33', '2026-09-03', '20:00:00', 'Evento musical temático.', 33, 33),
(34, 'Festival Musical 34', '2026-09-10', '20:00:00', 'Evento musical temático.', 34, 34),
(35, 'Festival Musical 35', '2026-09-17', '20:00:00', 'Evento musical temático.', 35, 35),
(36, 'Festival Musical 36', '2026-09-24', '20:00:00', 'Evento musical temático.', 36, 36),
(37, 'Festival Musical 37', '2026-10-01', '20:00:00', 'Evento musical temático.', 37, 37),
(38, 'Festival Musical 38', '2026-10-08', '20:00:00', 'Evento musical temático.', 38, 38),
(39, 'Festival Musical 39', '2026-10-15', '20:00:00', 'Evento musical temático.', 39, 39),
(40, 'Festival Musical 40', '2026-10-22', '20:00:00', 'Evento musical temático.', 40, 40),
(41, 'Festival Musical 41', '2026-10-29', '20:00:00', 'Evento musical temático.', 41, 41),
(42, 'Festival Musical 42', '2026-11-05', '20:00:00', 'Evento musical temático.', 42, 42),
(43, 'Festival Musical 43', '2026-11-12', '20:00:00', 'Evento musical temático.', 43, 43),
(44, 'Festival Musical 44', '2026-11-19', '20:00:00', 'Evento musical temático.', 44, 44),
(45, 'Festival Musical 45', '2026-11-26', '20:00:00', 'Evento musical temático.', 45, 45),
(46, 'Festival Musical 46', '2026-12-03', '20:00:00', 'Evento musical temático.', 46, 46),
(47, 'Festival Musical 47', '2026-12-10', '20:00:00', 'Evento musical temático.', 47, 47),
(48, 'Festival Musical 48', '2026-12-17', '20:00:00', 'Evento musical temático.', 48, 48),
(49, 'Festival Musical 49', '2026-12-24', '20:00:00', 'Evento musical temático.', 49, 49),
(50, 'Festival Musical 50', '2026-12-31', '22:00:00', 'Festival de encerramento do ano.', 50, 50);

INSERT INTO digital_music.ingresso
(id_ingresso, tipo, valor, estoque, id_evento, id_usuario)
VALUES
(1, 'Pista', 80.00, 500, 1, 1),
(2, 'VIP', 150.00, 200, 2, 2),
(3, 'Pista', 90.00, 450, 3, 3),
(4, 'Camarote', 250.00, 100, 4, 4),
(5, 'VIP', 160.00, 180, 5, 5),
(6, 'Pista', 70.00, 600, 6, 6),
(7, 'VIP', 140.00, 220, 7, 7),
(8, 'Pista', 85.00, 480, 8, 8),
(9, 'Camarote', 280.00, 90, 9, 9),
(10, 'VIP', 170.00, 190, 10, 10),
(11, 'Pista', 75.00, 500, 11, 11),
(12, 'VIP', 145.00, 200, 12, 12),
(13, 'Pista', 95.00, 450, 13, 13),
(14, 'Camarote', 260.00, 100, 14, 14),
(15, 'VIP', 180.00, 180, 15, 15),
(16, 'Pista', 80.00, 520, 16, 16),
(17, 'VIP', 155.00, 210, 17, 17),
(18, 'Pista', 88.00, 470, 18, 18),
(19, 'Camarote', 275.00, 95, 19, 19),
(20, 'VIP', 165.00, 185, 20, 20),
(21, 'Pista', 82.00, 510, 21, 21),
(22, 'VIP', 148.00, 205, 22, 22),
(23, 'Pista', 92.00, 460, 23, 23),
(24, 'Camarote', 255.00, 98, 24, 24),
(25, 'VIP', 175.00, 175, 25, 25),
(26, 'Pista', 78.00, 530, 26, 26),
(27, 'VIP', 152.00, 215, 27, 27),
(28, 'Pista', 87.00, 490, 28, 28),
(29, 'Camarote', 285.00, 88, 29, 29),
(30, 'VIP', 168.00, 192, 30, 30),
(31, 'Pista', 81.00, 505, 31, 31),
(32, 'VIP', 149.00, 208, 32, 32),
(33, 'Pista', 93.00, 455, 33, 33),
(34, 'Camarote', 258.00, 96, 34, 34),
(35, 'VIP', 178.00, 182, 35, 35),
(36, 'Pista', 79.00, 525, 36, 36),
(37, 'VIP', 154.00, 212, 37, 37),
(38, 'Pista', 89.00, 475, 38, 38),
(39, 'Camarote', 278.00, 92, 39, 39),
(40, 'VIP', 166.00, 188, 40, 40),
(41, 'Pista', 83.00, 515, 41, 41),
(42, 'VIP', 151.00, 206, 42, 42),
(43, 'Pista', 94.00, 458, 43, 43),
(44, 'Camarote', 262.00, 97, 44, 44),
(45, 'VIP', 176.00, 179, 45, 45),
(46, 'Pista', 77.00, 535, 46, 46),
(47, 'VIP', 153.00, 214, 47, 47),
(48, 'Pista', 86.00, 485, 48, 48),
(49, 'Camarote', 282.00, 89, 49, 49),
(50, 'VIP', 169.00, 191, 50, 50);

INSERT INTO digital_music.telefone_organizador
(id_telefone, telefone, id_organizador)
VALUES
(1, '(11) 99111-0001', 1),
(2, '(11) 99111-0002', 2),
(3, '(11) 99111-0003', 3),
(4, '(11) 99111-0004', 4),
(5, '(11) 99111-0005', 5),
(6, '(11) 99111-0006', 6),
(7, '(11) 99111-0007', 7),
(8, '(11) 99111-0008', 8),
(9, '(11) 99111-0009', 9),
(10, '(11) 99111-0010', 10),
(11, '(11) 99111-0011', 11),
(12, '(11) 99111-0012', 12),
(13, '(11) 99111-0013', 13),
(14, '(11) 99111-0014', 14),
(15, '(11) 99111-0015', 15),
(16, '(11) 99111-0016', 16),
(17, '(11) 99111-0017', 17),
(18, '(11) 99111-0018', 18),
(19, '(11) 99111-0019', 19),
(20, '(11) 99111-0020', 20),
(21, '(16) 99222-0021', 21),
(22, '(16) 99222-0022', 22),
(23, '(16) 99222-0023', 23),
(24, '(16) 99222-0024', 24),
(25, '(16) 99222-0025', 25),
(26, '(16) 99222-0026', 26),
(27, '(16) 99222-0027', 27),
(28, '(16) 99222-0028', 28),
(29, '(16) 99222-0029', 29),
(30, '(16) 99222-0030', 30),
(31, '(31) 99333-0031', 31),
(32, '(31) 99333-0032', 32),
(33, '(31) 99333-0033', 33),
(34, '(31) 99333-0034', 34),
(35, '(31) 99333-0035', 35),
(36, '(31) 99333-0036', 36),
(37, '(31) 99333-0037', 37),
(38, '(31) 99333-0038', 38),
(39, '(31) 99333-0039', 39),
(40, '(31) 99333-0040', 40),
(41, '(41) 99444-0041', 41),
(42, '(41) 99444-0042', 42),
(43, '(41) 99444-0043', 43),
(44, '(41) 99444-0044', 44),
(45, '(41) 99444-0045', 45),
(46, '(41) 99444-0046', 46),
(47, '(41) 99444-0047', 47),
(48, '(41) 99444-0048', 48),
(49, '(41) 99444-0049', 49),
(50, '(41) 99444-0050', 50);

INSERT INTO digital_music.artista_evento
(id_artista_evento, id_artista, id_evento, horario_apresentacao, cache)
VALUES
(1, 1, 1, '20:00:00', 5000.00),
(2, 2, 2, '20:15:00', 5500.00),
(3, 3, 3, '20:30:00', 6000.00),
(4, 4, 4, '20:45:00', 6500.00),
(5, 5, 5, '21:00:00', 7000.00),
(6, 6, 6, '21:15:00', 7500.00),
(7, 7, 7, '21:30:00', 8000.00),
(8, 8, 8, '21:45:00', 8500.00),
(9, 9, 9, '22:00:00', 9000.00),
(10, 10, 10, '22:15:00', 9500.00),
(11, 11, 11, '20:00:00', 5200.00),
(12, 12, 12, '20:15:00', 5700.00),
(13, 13, 13, '20:30:00', 6200.00),
(14, 14, 14, '20:45:00', 6700.00),
(15, 15, 15, '21:00:00', 7200.00),
(16, 16, 16, '21:15:00', 7700.00),
(17, 17, 17, '21:30:00', 8200.00),
(18, 18, 18, '21:45:00', 8700.00),
(19, 19, 19, '22:00:00', 9200.00),
(20, 20, 20, '22:15:00', 9700.00),
(21, 21, 21, '20:00:00', 5400.00),
(22, 22, 22, '20:15:00', 5900.00),
(23, 23, 23, '20:30:00', 6400.00),
(24, 24, 24, '20:45:00', 6900.00),
(25, 25, 25, '21:00:00', 7400.00),
(26, 26, 26, '21:15:00', 7900.00),
(27, 27, 27, '21:30:00', 8400.00),
(28, 28, 28, '21:45:00', 8900.00),
(29, 29, 29, '22:00:00', 9400.00),
(30, 30, 30, '22:15:00', 9900.00),
(31, 31, 31, '20:00:00', 5600.00),
(32, 32, 32, '20:15:00', 6100.00),
(33, 33, 33, '20:30:00', 6600.00),
(34, 34, 34, '20:45:00', 7100.00),
(35, 35, 35, '21:00:00', 7600.00),
(36, 36, 36, '21:15:00', 8100.00),
(37, 37, 37, '21:30:00', 8600.00),
(38, 38, 38, '21:45:00', 9100.00),
(39, 39, 39, '22:00:00', 9600.00),
(40, 40, 40, '22:15:00', 10100.00),
(41, 41, 41, '20:00:00', 5800.00),
(42, 42, 42, '20:15:00', 6300.00),
(43, 43, 43, '20:30:00', 6800.00),
(44, 44, 44, '20:45:00', 7300.00),
(45, 45, 45, '21:00:00', 7800.00),
(46, 46, 46, '21:15:00', 8300.00),
(47, 47, 47, '21:30:00', 8800.00),
(48, 48, 48, '21:45:00', 9300.00),
(49, 49, 49, '22:00:00', 9800.00),
(50, 50, 50, '22:15:00', 10300.00);